[
  {"code": "AFG", "name": "Afghanistan", "region": "Asia"},
  {"code": "ALA", "name": "Åland Islands", "region": "Europe"},
  {"code": "ALB", "name": "Albania", "region": "Europe"},
  {"code": "DZA", "name": "Algeria", "region": "Africa"},
  {"code": "ASM", "name": "American Samoa", "region": "Oceania"},
  {"code": "AND", "name": "Andorra", "region": "Europe"},
  {"code": "AGO", "name": "Angola", "region": "Africa"},
  {"code": "AIA", "name": "Anguilla", "region": "Americas"},
  {"code": "ATA", "name": "Antarctica", "region": "Other"},
  {"code": "ATG", "name": "Antigua and Barbuda", "region": "Americas"},
  {"code": "ARG", "name": "Argentina", "region": "Americas"},
  {"code": "ARM", "name": "Armenia", "region": "Asia"},
  {"code": "ABW", "name": "Aruba", "region": "Americas"},
  {"code": "AUS", "name": "Australia", "region": "Oceania"},
  {"code": "AUT", "name": "Austria", "region": "Europe"},
  {"code": "AZE", "name": "Azerbaijan", "region": "Asia"},
  {"code": "BHS", "name": "Bahamas", "region": "Americas"},
  {"code": "BHR", "name": "Bahrain", "region": "Asia"},
  {"code": "BGD", "name": "Bangladesh", "region": "Asia"},
  {"code": "BRB", "name": "Barbados", "region": "Americas"},
  {"code": "BLR", "name": "Belarus", "region": "Europe"},
  {"code": "BEL", "name": "Belgium", "region": "Europe"},
  {"code": "BLZ", "name": "Belize", "region": "Americas"},
  {"code": "BEN", "name": "Benin", "region": "Africa"},
  {"code": "BMU", "name": "Bermuda", "region": "Americas"},
  {"code": "BTN", "name": "Bhutan", "region": "Asia"},
  {"code": "BOL", "name": "Bolivia, Plurinational State of", "region": "Americas"},
  {"code": "BES", "name": "Bonaire, Sint Eustatius and Saba", "region": "Americas"},
  {"code": "BIH", "name": "Bosnia and Herzegovina", "region": "Europe"},
  {"code": "BWA", "name": "Botswana", "region": "Africa"},
  {"code": "BVT", "name": "Bouvet Island", "region": "Other"},
  {"code": "BRA", "name": "Brazil", "region": "Americas"},
  {"code": "IOT", "name": "British Indian Ocean Territory", "region": "Other"},
  {"code": "BRN", "name": "Brunei Darussalam", "region": "Asia"},
  {"code": "BGR", "name": "Bulgaria", "region": "Europe"},
  {"code": "BFA", "name": "Burkina Faso", "region": "Africa"},
  {"code": "BDI", "name": "Burundi", "region": "Africa"},
  {"code": "KHM", "name": "Cambodia", "region": "Asia"},
  {"code": "CMR", "name": "Cameroon", "region": "Africa"},
  {"code": "CAN", "name": "Canada", "region": "Americas"},
  {"code": "CPV", "name": "Cape Verde", "region": "Africa"},
  {"code": "CYM", "name": "Cayman Islands", "region": "Americas"},
  {"code": "CAF", "name": "Central African Republic", "region": "Africa"},
  {"code": "TCD", "name": "Chad", "region": "Africa"},
  {"code": "CHL", "name": "Chile", "region": "Americas"},
  {"code": "CHN", "name": "China", "region": "Asia"},
  {"code": "CXR", "name": "Christmas Island", "region": "Asia"},
  {"code": "CCK", "name": "Cocos (Keeling) Islands", "region": "Asia"},
  {"code": "COL", "name": "Colombia", "region": "Americas"},
  {"code": "COM", "name": "Comoros", "region": "Africa"},
  {"code": "COG", "name": "Congo", "region": "Africa"},
  {"code": "COD", "name": "Congo, Democratic Republic of the", "region": "Africa"},
  {"code": "COK", "name": "Cook Islands", "region": "Oceania"},
  {"code": "CRI", "name": "Costa Rica", "region": "Americas"},
  {"code": "CIV", "name": "Côte d'Ivoire", "region": "Africa"},
  {"code": "HRV", "name": "Croatia", "region": "Europe"},
  {"code": "CUB", "name": "Cuba", "region": "Americas"},
  {"code": "CUW", "name": "Curaçao", "region": "Americas"},
  {"code": "CYP", "name": "Cyprus", "region": "Europe"},
  {"code": "CZE", "name": "Czech Republic", "region": "Europe"},
  {"code": "DNK", "name": "Denmark", "region": "Europe"},
  {"code": "DJI", "name": "Djibouti", "region": "Africa"},
  {"code": "DMA", "name": "Dominica", "region": "Americas"},
  {"code": "DOM", "name": "Dominican Republic", "region": "Americas"},
  {"code": "ECU", "name": "Ecuador", "region": "Americas"},
  {"code": "EGY", "name": "Egypt", "region": "Africa"},
  {"code": "SLV", "name": "El Salvador", "region": "Americas"},
  {"code": "GNQ", "name": "Equatorial Guinea", "region": "Africa"},
  {"code": "ERI", "name": "Eritrea", "region": "Africa"},
  {"code": "EST", "name": "Estonia", "region": "Europe"},
  {"code": "ETH", "name": "Ethiopia", "region": "Africa"},
  {"code": "FLK", "name": "Falkland Islands (Malvinas)", "region": "Americas"},
  {"code": "FRO", "name": "Faroe Islands", "region": "Europe"},
  {"code": "FJI", "name": "Fiji", "region": "Oceania"},
  {"code": "FIN", "name": "Finland", "region": "Europe"},
  {"code": "FRA", "name": "France", "region": "Europe"},
  {"code": "GUF", "name": "French Guiana", "region": "Americas"},
  {"code": "PYF", "name": "French Polynesia", "region": "Oceania"},
  {"code": "ATF", "name": "French Southern Territories", "region": "Other"},
  {"code": "GAB", "name": "Gabon", "region": "Africa"},
  {"code": "GMB", "name": "Gambia", "region": "Africa"},
  {"code": "GEO", "name": "Georgia", "region": "Asia"},
  {"code": "DEU", "name": "Germany", "region": "Europe"},
  {"code": "GHA", "name": "Ghana", "region": "Africa"},
  {"code": "GIB", "name": "Gibraltar", "region": "Europe"},
  {"code": "GRC", "name": "Greece", "region": "Europe"},
  {"code": "GRL", "name": "Greenland", "region": "Americas"},
  {"code": "GRD", "name": "Grenada", "region": "Americas"},
  {"code": "GLP", "name": "Guadeloupe", "region": "Americas"},
  {"code": "GUM", "name": "Guam", "region": "Oceania"},
  {"code": "GTM", "name": "Guatemala", "region": "Americas"},
  {"code": "GGY", "name": "Guernsey", "region": "Europe"},
  {"code": "GIN", "name": "Guinea", "region": "Africa"},
  {"code": "GNB", "name": "Guinea-Bissau", "region": "Africa"},
  {"code": "GUY", "name": "Guyana", "region": "Americas"},
  {"code": "HTI", "name": "Haiti", "region": "Americas"},
  {"code": "HMD", "name": "Heard Island and McDonald Islands", "region": "Other"},
  {"code": "VAT", "name": "Holy See (Vatican City State)", "region": "Europe"},
  {"code": "HND", "name": "Honduras", "region": "Americas"},
  {"code": "HKG", "name": "Hong Kong", "region": "Asia"},
  {"code": "HUN", "name": "Hungary", "region": "Europe"},
  {"code": "ISL", "name": "Iceland", "region": "Europe"},
  {"code": "IND", "name": "India", "region": "Asia"},
  {"code": "IDN", "name": "Indonesia", "region": "Asia"},
  {"code": "IRN", "name": "Iran", "region": "Asia"},
  {"code": "IRQ", "name": "Iraq", "region": "Asia"},
  {"code": "IRL", "name": "Ireland", "region": "Europe"},
  {"code": "IMN", "name": "Isle of Man", "region": "Europe"},
  {"code": "ISR", "name": "Israel", "region": "Asia"},
  {"code": "ITA", "name": "Italy", "region": "Europe"},
  {"code": "JAM", "name": "Jamaica", "region": "Americas"},
  {"code": "JPN", "name": "Japan", "region": "Asia"},
  {"code": "JEY", "name": "Jersey", "region": "Europe"},
  {"code": "JOR", "name": "Jordan", "region": "Asia"},
  {"code": "KAZ", "name": "Kazakhstan", "region": "Asia"},
  {"code": "KEN", "name": "Kenya", "region": "Africa"},
  {"code": "KIR", "name": "Kiribati", "region": "Oceania"},
  {"code": "PRK", "name": "Korea, Democratic People's Republic of", "region": "Asia"},
  {"code": "KOR", "name": "Korea, Republic of", "region": "Asia"},
  {"code": "KWT", "name": "Kuwait", "region": "Asia"},
  {"code": "KGZ", "name": "Kyrgyzstan", "region": "Asia"},
  {"code": "LAO", "name": "Lao People's Democratic Republic", "region": "Asia"},
  {"code": "LVA", "name": "Latvia", "region": "Europe"},
  {"code": "LBN", "name": "Lebanon", "region": "Asia"},
  {"code": "LSO", "name": "Lesotho", "region": "Africa"},
  {"code": "LBR", "name": "Liberia", "region": "Africa"},
  {"code": "LBY", "name": "Libya", "region": "Africa"},
  {"code": "LIE", "name": "Liechtenstein", "region": "Europe"},
  {"code": "LTU", "name": "Lithuania", "region": "Europe"},
  {"code": "LUX", "name": "Luxembourg", "region": "Europe"},
  {"code": "MAC", "name": "Macao", "region": "Asia"},
  {"code": "MKD", "name": "North Macedonia", "region": "Europe"},
  {"code": "MDG", "name": "Madagascar", "region": "Africa"},
  {"code": "MWI", "name": "Malawi", "region": "Africa"},
  {"code": "MYS", "name": "Malaysia", "region": "Asia"},
  {"code": "MDV", "name": "Maldives", "region": "Asia"},
  {"code": "MLI", "name": "Mali", "region": "Africa"},
  {"code": "MLT", "name": "Malta", "region": "Europe"},
  {"code": "MHL", "name": "Marshall Islands", "region": "Oceania"},
  {"code": "MTQ", "name": "Martinique", "region": "Americas"},
  {"code": "MRT", "name": "Mauritania", "region": "Africa"},
  {"code": "MUS", "name": "Mauritius", "region": "Africa"},
  {"code": "MYT", "name": "Mayotte", "region": "Africa"},
  {"code": "MEX", "name": "Mexico", "region": "Americas"},
  {"code": "FSM", "name": "Micronesia", "region": "Oceania"},
  {"code": "MDA", "name": "Moldova", "region": "Europe"},
  {"code": "MCO", "name": "Monaco", "region": "Europe"},
  {"code": "MNG", "name": "Mongolia", "region": "Asia"},
  {"code": "MNE", "name": "Montenegro", "region": "Europe"},
  {"code": "MSR", "name": "Montserrat", "region": "Americas"},
  {"code": "MAR", "name": "Morocco", "region": "Africa"},
  {"code": "MOZ", "name": "Mozambique", "region": "Africa"},
  {"code": "MMR", "name": "Myanmar", "region": "Asia"},
  {"code": "NAM", "name": "Namibia", "region": "Africa"},
  {"code": "NRU", "name": "Nauru", "region": "Oceania"},
  {"code": "NPL", "name": "Nepal", "region": "Asia"},
  {"code": "NLD", "name": "Netherlands", "region": "Europe"},
  {"code": "NCL", "name": "New Caledonia", "region": "Oceania"},
  {"code": "NZL", "name": "New Zealand", "region": "Oceania"},
  {"code": "NIC", "name": "Nicaragua", "region": "Americas"},
  {"code": "NER", "name": "Niger", "region": "Africa"},
  {"code": "NGA", "name": "Nigeria", "region": "Africa"},
  {"code": "NIU", "name": "Niue", "region": "Oceania"},
  {"code": "NFK", "name": "Norfolk Island", "region": "Oceania"},
  {"code": "MNP", "name": "Northern Mariana Islands", "region": "Oceania"},
  {"code": "NOR", "name": "Norway", "region": "Europe"},
  {"code": "OMN", "name": "Oman", "region": "Asia"},
  {"code": "PAK", "name": "Pakistan", "region": "Asia"},
  {"code": "PLW", "name": "Palau", "region": "Oceania"},
  {"code": "PSE", "name": "Palestine", "region": "Asia"},
  {"code": "PAN", "name": "Panama", "region": "Americas"},
  {"code": "PNG", "name": "Papua New Guinea", "region": "Oceania"},
  {"code": "PRY", "name": "Paraguay", "region": "Americas"},
  {"code": "PER", "name": "Peru", "region": "Americas"},
  {"code": "PHL", "name": "Philippines", "region": "Asia"},
  {"code": "PCN", "name": "Pitcairn", "region": "Oceania"},
  {"code": "POL", "name": "Poland", "region": "Europe"},
  {"code": "PRT", "name": "Portugal", "region": "Europe"},
  {"code": "PRI", "name": "Puerto Rico", "region": "Americas"},
  {"code": "QAT", "name": "Qatar", "region": "Asia"},
  {"code": "REU", "name": "Réunion", "region": "Africa"},
  {"code": "ROU", "name": "Romania", "region": "Europe"},
  {"code": "RUS", "name": "Russian Federation", "region": "Europe"},
  {"code": "RWA", "name": "Rwanda", "region": "Africa"},
  {"code": "BLM", "name": "Saint Barthélemy", "region": "Americas"},
  {"code": "SHN", "name": "Saint Helena, Ascension and Tristan da Cunha", "region": "Africa"},
  {"code": "KNA", "name": "Saint Kitts and Nevis", "region": "Americas"},
  {"code": "LCA", "name": "Saint Lucia", "region": "Americas"},
  {"code": "MAF", "name": "Saint Martin (French part)", "region": "Americas"},
  {"code": "SPM", "name": "Saint Pierre and Miquelon", "region": "Americas"},
  {"code": "VCT", "name": "Saint Vincent and the Grenadines", "region": "Americas"},
  {"code": "WSM", "name": "Samoa", "region": "Oceania"},
  {"code": "SMR", "name": "San Marino", "region": "Europe"},
  {"code": "STP", "name": "Sao Tome and Principe", "region": "Africa"},
  {"code": "SAU", "name": "Saudi Arabia", "region": "Asia"},
  {"code": "SEN", "name": "Senegal", "region": "Africa"},
  {"code": "SRB", "name": "Serbia", "region": "Europe"},
  {"code": "SYC", "name": "Seychelles", "region": "Africa"},
  {"code": "SLE", "name": "Sierra Leone", "region": "Africa"},
  {"code": "SGP", "name": "Singapore", "region": "Asia"},
  {"code": "SXM", "name": "Sint Maarten (Dutch part)", "region": "Americas"},
  {"code": "SVK", "name": "Slovakia", "region": "Europe"},
  {"code": "SVN", "name": "Slovenia", "region": "Europe"},
  {"code": "SLB", "name": "Solomon Islands", "region": "Oceania"},
  {"code": "SOM", "name": "Somalia", "region": "Africa"},
  {"code": "ZAF", "name": "South Africa", "region": "Africa"},
  {"code": "SGS", "name": "South Georgia and the South Sandwich Islands", "region": "Other"},
  {"code": "SSD", "name": "South Sudan", "region": "Africa"},
  {"code": "ESP", "name": "Spain", "region": "Europe"},
  {"code": "LKA", "name": "Sri Lanka", "region": "Asia"},
  {"code": "SDN", "name": "Sudan", "region": "Africa"},
  {"code": "SUR", "name": "Suriname", "region": "Americas"},
  {"code": "SJM", "name": "Svalbard and Jan Mayen", "region": "Europe"},
  {"code": "SWZ", "name": "Eswatini", "region": "Africa"},
  {"code": "SWE", "name": "Sweden", "region": "Europe"},
  {"code": "CHE", "name": "Switzerland", "region": "Europe"},
  {"code": "SYR", "name": "Syrian Arab Republic", "region": "Asia"},
  {"code": "TWN", "name": "Taiwan", "region": "Asia"},
  {"code": "TJK", "name": "Tajikistan", "region": "Asia"},
  {"code": "TZA", "name": "Tanzania, United Republic of", "region": "Africa"},
  {"code": "THA", "name": "Thailand", "region": "Asia"},
  {"code": "TLS", "name": "Timor-Leste", "region": "Asia"},
  {"code": "TGO", "name": "Togo", "region": "Africa"},
  {"code": "TKL", "name": "Tokelau", "region": "Oceania"},
  {"code": "TON", "name": "Tonga", "region": "Oceania"},
  {"code": "TTO", "name": "Trinidad and Tobago", "region": "Americas"},
  {"code": "TUN", "name": "Tunisia", "region": "Africa"},
  {"code": "TUR", "name": "Turkey", "region": "Asia"},
  {"code": "TKM", "name": "Turkmenistan", "region": "Asia"},
  {"code": "TCA", "name": "Turks and Caicos Islands", "region": "Americas"},
  {"code": "TUV", "name": "Tuvalu", "region": "Oceania"},
  {"code": "UGA", "name": "Uganda", "region": "Africa"},
  {"code": "UKR", "name": "Ukraine", "region": "Europe"},
  {"code": "ARE", "name": "United Arab Emirates", "region": "Asia"},
  {"code": "GBR", "name": "United Kingdom", "region": "Europe"},
  {"code": "USA", "name": "United States", "region": "Americas"},
  {"code": "UMI", "name": "United States Minor Outlying Islands", "region": "Oceania"},
  {"code": "URY", "name": "Uruguay", "region": "Americas"},
  {"code": "UZB", "name": "Uzbekistan", "region": "Asia"},
  {"code": "VUT", "name": "Vanuatu", "region": "Oceania"},
  {"code": "VEN", "name": "Venezuela, Bolivarian Republic of", "region": "Americas"},
  {"code": "VNM", "name": "Viet Nam", "region": "Asia"},
  {"code": "VGB", "name": "Virgin Islands, British", "region": "Americas"},
  {"code": "VIR", "name": "Virgin Islands, U.S.", "region": "Americas"},
  {"code": "WLF", "name": "Wallis and Futuna", "region": "Oceania"},
  {"code": "ESH", "name": "Western Sahara", "region": "Africa"},
  {"code": "YEM", "name": "Yemen", "region": "Asia"},
  {"code": "ZMB", "name": "Zambia", "region": "Africa"},
  {"code": "ZWE", "name": "Zimbabwe", "region": "Africa"}
]
